Camera,Trial,Arena,Date,Day,Origin,Mark,Sex,Fish_ID,Group,Tank,Notes,tot_dist,mean_velocity,high_dur,mid_dur,low_dur,freezing_dur,arena_dur
1,1,1,4/03/2020,Wed,PB,Bro._,male,a9908,Paternal,Old,,2156.61,5.13772,48.88,50.88,320.24,21.04,420.16
1,1,2,4/03/2020,Wed,PB,Bro.Bro,female,a9910,Paternal,Old,,3438.83,7.81552,3.28,22,414.8,0.56,440.08
1,1,3,4/03/2020,Wed,PB,Blu.Gre,male,a9983,Paternal,Old,,2800.18,6.36404,25.2,34.08,380.16,0.56,440.08
1,1,4,4/03/2020,Wed,PB,Red.Bla,male,a9949,Paternal,Old,,3027.01,6.88709,11.84,55.12,372.64,0.8,439.84
1,2,1,4/03/2020,Wed,PB,_.Pur,male,a9981,Paternal,Old,,2752.88,6.2611,13.6,24.8,401.68,0.24,440.08
1,2,2,4/03/2020,Wed,PB,Whi._,female,a9924,Paternal,Old,,2311.51,5.25631,68.32,142.56,229.2,0.32,440.08
1,2,3,4/03/2020,Wed,PB,_.Ora,female,a9964,Paternal,Old,,3231.91,7.36669,39.04,59.92,340.08,0.4,439.04
1,2,4,4/03/2020,Wed,PB,Pin.Gre,female,a9952,Paternal,Old,,2764.04,6.28192,75.6,76.64,287.6,0.56,440.08
1,3,1,4/03/2020,Wed,PB,Blu.Pur,male,a9975,Paternal,Old,,3074.57,7.00295,3.44,22.32,413.36,10.24,439.12
1,3,2,4/03/2020,Wed,PB,Pin.Ora,female,a9953,Paternal,Old,,2510.82,5.71056,10.88,46.64,382.24,0.88,439.76
1,3,3,4/03/2020,Wed,PB,Yel.Gre,male,a9901,Paternal,Old,,3008.16,6.84419,38,76.88,324.88,0.16,439.76
1,3,4,4/03/2020,Wed,PB,Yel.Pur,female,a9899,Paternal,Old,,4167.93,9.47257,0,1.76,437.92,12.4,440.08
1,4,1,4/03/2020,Wed,WTA,Red.Pur,male,a10166,Within Treatment,Old,Change arena settings,2560.46,5.82029,18.08,33.6,388.32,0.88,440
1,4,2,4/03/2020,Wed,WTA,Pin.Bla,male,a10092,Within Treatment,Old,,2809.48,6.38517,8,60.24,371.84,0.16,440.08
1,4,3,4/03/2020,Wed,WTA,Gre.Blu,female,a10041,Within Treatment,Old,,3400.82,7.73476,1.52,11.36,425.76,11.76,440
1,4,4,4/03/2020,Wed,WTA,Ora.Bro,male,a10070,Within Treatment,Old,,2311.1,5.26398,79.6,78.24,281.68,0.4,439.52
1,5,1,4/03/2020,Wed,WTA,Pin.Gre,female,a10087,Within Treatment,Old,,2251.62,5.12012,34.24,60.32,344.56,0.4,439.84
1,5,2,4/03/2020,Wed,WTA,Blu.Blu,female,a10046,Within Treatment,Old,,1703.29,4.56891,12.48,36.96,324.88,22.08,374.32
1,5,3,4/03/2020,Wed,WTA,Yel._,male,a10095,Within Treatment,Old,,3022.53,6.88064,73.36,73.36,291.76,0.16,439.52
1,5,4,4/03/2020,Wed,WTA,Blu.Yel,male,a10055,Within Treatment,Old,,1854.6,4.2173,55.68,93.92,290.48,0.72,440.08
1,6,1,4/03/2020,Wed,MB,Yel.Bla,female,a9777,Maternal,Old,New arena settings camera 1,2672.49,6.07385,46.88,64.64,328.56,0.4,440.08
1,6,2,4/03/2020,Wed,MB,_.Ora,female,a10198,Maternal,Old,,2221.06,5.0497,47.76,102.8,289.52,0.48,440.08
1,6,3,4/03/2020,Wed,MB,Yel.Ora,female,a9778,Maternal,Old,,2690.8,6.11991,66,52.96,320.8,0.56,439.76
1,6,4,4/03/2020,Wed,MB,Blu.Blu,male,a9843,Maternal,Old,,2974.86,6.76842,0,2.8,425.2,55.44,439.84
1,7,1,4/03/2020,Wed,MB,_.Blu,male,a9844,Maternal,Old,,1335.36,3.03491,33.76,125.2,281.12,0.64,440.08
1,7,2,4/03/2020,Wed,MB,Blu.Gre,male,a9846,Maternal,Old,,1727.74,4.80247,0,1.12,360.24,102.56,361.36
1,7,3,4/03/2020,Wed,MB,Red._,male,a9752,Maternal,Old,,3370.61,7.66047,42.32,78.64,318.88,0.24,440.08
1,7,4,4/03/2020,Wed,MB,Red.Bla,male,a9756,Maternal,Old,,2986.41,6.7873,20.08,41.52,378.48,0.56,440.08
1,8,1,4/03/2020,Wed,MB,Bla.Gre,female,a9787,Maternal,Old,"Added tilt to tanks to see top tanks, bottom part",1801.66,4.09916,58.32,79.2,302,0.48,439.92
1,8,2,4/03/2020,Wed,MB,Gre.Ora,female,a9868,Maternal,Old,,2690.99,6.14157,124.4,79.76,235.28,0.24,439.44
1,8,3,4/03/2020,Wed,MB,_._,female,a9774,Maternal,Old,,3364.73,7.6485,0.4,0.56,437.28,8.96,440.08
1,8,4,4/03/2020,Wed,MB,Ora.Yel,male,a9813,Maternal,Old,,2858.83,6.50088,1.84,19.44,418.72,27.76,440.08
1,9,1,4/03/2020,Wed,WCA,Ora.Gre,female,a9603,Within Control,Old,,3065.32,6.97679,19.6,67.68,352.56,0.16,439.92
1,9,2,4/03/2020,Wed,WCA,Pur.Red,female,a9566,Within Control,Old,,2680.06,6.09104,21.36,50.88,367.84,0.32,440.08
1,9,3,4/03/2020,Wed,WCA,Pin.Gre,male,a9588,Within Control,Old,,2943.9,6.69311,53.68,93.28,293.12,0.16,440.08
1,9,4,4/03/2020,Wed,WCA,Gre.Pur,female,a9556,Within Control,Old,,2838.78,6.45177,15.92,44.72,379.44,0.56,440.08
1,10,1,4/03/2020,Wed,WCA,Gre.Bro,male,a9558,Within Control,Old,,2600.7,5.91391,51.36,71.04,317.44,0.4,439.84
1,10,2,4/03/2020,Wed,WCA,Red.Whi,female,a9679,Within Control,Old,,4285.3,9.76595,10.64,26.56,402.72,2,439.92
1,10,3,4/03/2020,Wed,WCA,Ora.Blu,female,a9607,Within Control,Old,,3493.6,7.94289,49.84,86.48,303.76,0.08,440.08
1,10,4,4/03/2020,Wed,WCA,Ora.Ora,male,a9706,Within Control,Old,,3701.41,8.41536,35.28,44.88,359.84,0.08,440.08
1,11,1,4/03/2020,Wed,PA,_.Gre,male,a9873,Paternal,Old,,2403.63,5.47675,25.6,51.52,362.56,2.96,439.68
1,11,2,4/03/2020,Wed,PA,Pin.Blu,male,a9960,Paternal,Old,,2645.08,6.01593,61.28,97.52,281.28,5.44,440.08
1,11,3,4/03/2020,Wed,PA,Pin.Yel,male,a9956,Paternal,Old,,3049.41,6.93048,34.56,44,361.52,0.16,440.08
1,11,4,4/03/2020,Wed,PA,Gre.Blu,male,a9881,Paternal,Old,,1906.05,4.33193,4.8,28.8,405.28,62.32,440.08
1,12,1,4/03/2020,Wed,PA,Whi.Whi,male,a9926,Paternal,Old,,2239,5.09233,31.12,65.92,342.96,9.92,440
1,12,2,4/03/2020,Wed,PA,Ora.Ora,female,a9962,Paternal,Old,,1867.41,4.24797,14.56,39.12,386.24,40.56,439.92
1,12,3,4/03/2020,Wed,PA,Bla.Pin,male,a9919,Paternal,Old,,2801.92,6.39241,97.04,126.72,214.08,0,438.96
1,12,4,4/03/2020,Wed,PA,Bla.Red,female,a9921,Paternal,Old,,3122.94,7.10792,5.12,19.84,414.32,6.48,439.68
1,13,1,4/03/2020,Wed,PA,Bla.Gre,female,a9922,Paternal,Old,,2246.89,5.11588,84.96,95.12,257.52,0.32,440.08
1,13,2,4/03/2020,Wed,PA,Whi.Red,male,a9931,Paternal,Old,,225.231,0.512448,0,0,439.84,376.16,439.84
1,13,3,4/03/2020,Wed,PA,Gre.Ora,female,a9876,Paternal,Old,,3172.18,7.20951,44.88,45.44,349.76,0.32,440.08
1,13,4,4/03/2020,Wed,PA,Pin.Red,female,a9958,Paternal,Old,,2897.53,6.58648,25.76,36.08,378.16,0.48,440.08
1,14,1,4/03/2020,Wed,WTB,Pin.Red,male,a10089,Within Treatment,Old,,3082.89,7.00784,34.32,36.96,368.8,0.4,440.08
1,14,2,4/03/2020,Wed,WTB,Gre._,male,a10037,Within Treatment,Old,,2294.24,5.21418,97.6,107.68,234.8,0.08,440.08
1,14,3,4/03/2020,Wed,WTB,Gre.Bro,male,a10044,Within Treatment,Old,,2005.51,4.79328,110.64,78,211.84,14.56,419.36
1,14,4,4/03/2020,Wed,WTB,Red._,male,a10155,Within Treatment,Old,,2771.69,6.30045,18.8,41.12,379.76,0.4,440.08
1,15,1,4/03/2020,Wed,WTB,Yel.Yel,female,a10097,Within Treatment,Old,,2206.39,5.01634,34.8,40.4,364.16,1.36,440.08
1,15,2,4/03/2020,Wed,WTB,Whi.Bla,male,a10152,Within Treatment,Old,,2229.7,5.06751,15.36,22,402.72,2.08,440.08
1,15,3,4/03/2020,Wed,WTB,Blu.Ora,female,a10059,Within Treatment,Old,,3191.48,7.25336,34.16,76.8,329.12,0.32,440.08
1,15,4,4/03/2020,Wed,WTB,_.Yel,male,a10096,Within Treatment,Old,,2748.83,6.25986,56.56,82.88,300.64,0.24,440.08
1,16,1,4/03/2020,Wed,MA,Gre.Blu,male,a9808,Maternal,Old,,206.833,1.00756,0,0,206.32,170.88,206.32
1,16,2,4/03/2020,Wed,MA,Gre.Whi,female,a9809,Maternal,Old,,1913.11,4.34798,80,107.6,252.48,0.32,440.08
1,16,3,4/03/2020,Wed,MA,Yel._,male,a9763,Maternal,Old,,411.789,1.26223,0,0,258.08,253.6,327.2
1,16,4,4/03/2020,Wed,MA,Red.Pur,female,a9762,Maternal,Old,,4017.03,9.12962,0,0,440.08,1.2,440.08
1,17,1,4/03/2020,Wed,MA,Bro.Gre,female,a9796,Maternal,Old,,2387.71,5.42662,14.88,25.28,399.92,1.28,440.08
1,17,2,4/03/2020,Wed,MA,Red.Gre,female,a9758,Maternal,Old,,1531.32,3.48662,36.24,49.68,354.08,18.4,440
1,17,3,4/03/2020,Wed,MA,Red.Yel,female,a9761,Maternal,Old,,3469.36,7.88777,0,12.8,427.28,10.08,440.08
1,17,4,4/03/2020,Wed,MA,Pin.Ora,male,a9858,Maternal,Old,,1760.54,4.00122,0,0,361.28,104,440.08
1,18,1,4/03/2020,Wed,MA,Red.Bro,male,a9760,Maternal,Old,,2674.7,6.07885,0,1.28,438.8,0.56,440.08
1,18,2,4/03/2020,Wed,MA,_.Bla,male,a9800,Maternal,Old,,2646.42,6.33115,0,11.04,407.36,40.88,418.4
1,18,3,4/03/2020,Wed,MA,Red.Blu,female,a9759,Maternal,Old,,2850.16,6.47763,9.76,35.28,389.6,39.28,440.08
1,18,4,4/03/2020,Wed,MA,Bro.Yel,female,a9794,Maternal,Old,,1087.77,2.47221,0,0,278.96,303.28,440.08
1,19,1,4/03/2020,Wed,WCB,Whi.Ora,female,a9596,Within Control,Old,,2777.55,6.31606,16.56,49.44,373.84,0.4,440.08
1,19,2,4/03/2020,Wed,WCB,Bro.Gre,female,a9704,Within Control,Old,,3414.79,7.77502,17.6,46.16,376.32,0.56,440.08
1,19,3,4/03/2020,Wed,WCB,Blu.Bro,female,a9579,Within Control,Old,,2492.96,5.672,11.12,22.72,405.12,70.16,439.6
1,19,4,4/03/2020,Wed,WCB,Pur.Pin,male,a9686,Within Control,Old,,2092.54,4.75751,2.16,6.72,430.24,43.44,440.08
1,20,1,4/03/2020,Wed,WCB,Yel.Yel,female,a9613,Within Control,Old,,748.278,1.82364,0,0,410.72,267.84,410.72
1,20,2,4/03/2020,Wed,WCB,Bro.Bla,female,a9700,Within Control,Old,,2302.91,5.23389,1.6,8.24,430.24,7.2,440.08
1,20,3,4/03/2020,Wed,WCB,Blu.Gre,female,a9578,Within Control,Old,,1628.82,3.70186,44.16,73.12,322.8,126.24,440.08
1,20,4,4/03/2020,Wed,WCB,Blu.Blu,male,a9575,Within Control,Old,Bumped into board fml,3352.77,7.61993,4,27.28,408.8,0.08,440.08
2,1,5,4/03/2020,Wed,PB,Blu.Blu,male,a9973,Paternal,Old,,2050.94,4.66122,93.52,79.76,266.8,0.88,440.08
2,1,6,4/03/2020,Wed,PB,Bla.Whi,female,a9923,Paternal,Old,,2009.09,4.56612,49.92,139.36,250.8,0.16,440.08
2,1,7,4/03/2020,Wed,PB,Whi.Ora,female,a9927,Paternal,Old,,3314.93,7.53392,72.16,100.72,267.2,0.32,440.08
2,1,8,4/03/2020,Wed,PB,_.Red,female,a9903,Paternal,Old,,912.773,2.07448,0,0,440.08,286,440.08
2,2,5,4/03/2020,Wed,PB,Red._,male,a9941,Paternal,Old,,1794.61,4.07866,48.8,47.68,343.52,0.96,440.08
2,2,6,4/03/2020,Wed,PB,Pur.Pur,female,a9982,Paternal,Old,,2289.76,5.204,11.04,75.2,353.84,0.72,440.08
2,2,7,4/03/2020,Wed,PB,Bro.Blu,male,a9937,Paternal,Old,,4093.76,9.304,0.72,3.76,435.6,0.32,440.08
2,2,8,4/03/2020,Wed,PB,Red.Yel,male,a9947,Paternal,Old,,2330.16,5.41091,0,0,431.2,82.08,431.2
2,4,5,4/03/2020,Wed,WTA,Pin.Blu,male,a10090,Within Treatment,Old,,2636.61,5.99557,78.56,67.68,293.84,0.32,440.08
2,4,6,4/03/2020,Wed,WTA,Pur._,male,a10077,Within Treatment,Old,,1928.94,4.38556,73.68,118.88,247.52,1.92,440.08
2,4,7,4/03/2020,Wed,WTA,Whi.Yel,male,a10157,Within Treatment,Old,,3744.12,8.51401,21.12,42.88,376.08,0.32,440.08
2,4,8,4/03/2020,Wed,WTA,Whi.Pur,female,a10158,Within Treatment,Old,,3385.68,7.69753,50.8,135.6,248.64,0.16,440.08
2,5,5,4/03/2020,Wed,WTA,Pur.Blu,female,a10079,Within Treatment,Old,,2225.3,5.05751,73.68,105.92,260.48,0.16,440.08
2,5,6,4/03/2020,Wed,WTA,Bro.Bro,male,a10201,Within Treatment,Old,,1838.37,4.17812,95.12,144.4,200.56,0.48,440.08
2,5,7,4/03/2020,Wed,WTA,Gre.Pin,female,a10036,Within Treatment,Old,,2621.6,5.96578,73.36,77.68,288.72,0.56,440
2,5,8,4/03/2020,Wed,WTA,Blu._,female,a10039,Within Treatment,Old,,2049.16,4.66993,90.32,152.88,195.04,1.04,440
2,6,5,4/03/2020,Wed,MB,Gre.Pur,female,a9867,Maternal,Old,,1967.09,5.33955,0,2.48,366.48,102.24,368.96
2,6,6,4/03/2020,Wed,MB,Red.Pin,male,a9755,Maternal,Old,,2266.43,5.15098,86.24,83.52,270.32,0.48,440.08
2,6,8,4/03/2020,Wed,MB,Yel.Yel,male,a9765,Maternal,Old,,1985.29,4.51695,96.48,126.16,217.04,0.48,439.68
2,8,5,4/03/2020,Wed,WCA,Ora.Red,male,a9606,Within Control,Old,Acquire after 50 seconds,2298.89,5.22951,5.6,24.8,409.6,0.56,440
2,8,6,4/03/2020,Wed,WCA,Pur._,male,a9562,Within Control,Old,,1846.98,4.63227,5.76,21.04,372.32,136.48,399.12
2,8,8,4/03/2020,Wed,WCA,Ora.Whi,male,a9611,Within Control,Old,Jumped out,957.093,2.1764,0.56,2.72,332.48,166.4,440.08
2,9,5,4/03/2020,Wed,WCA,Red.Pin,female,a9673,Within Control,Old,,2857.54,6.49442,40.4,84.72,314.96,0.24,440.08
2,9,6,4/03/2020,Wed,WCA,Gre.Bla,male,a9554,Within Control,Old,,2573.16,5.86409,26.32,71.36,341.44,0.08,439.12
2,9,8,4/03/2020,Wed,WCA,Whi.Yel,female,a9599,Within Control,Old,,2856.62,6.49349,85.68,108.8,243.28,0.24,440
2,10,5,4/03/2020,Wed,WCA,Blu.Yel,female,a9577,Within Control,Old,,2056.46,4.67378,41.12,58.4,340.56,0.32,440.08
2,10,6,4/03/2020,Wed,WCA,Red.Gre,male,a9680,Within Control,Old,,1600.56,3.64027,0.72,1.36,437.68,188.08,439.76
2,10,8,4/03/2020,Wed,WCA,Red.Yel,female,a9678,Within Control,Old,,3604.44,8.19638,31.44,51.52,349.6,0.16,440.08
2,11,5,4/03/2020,Wed,PA,_.Bro,female,a9917,Paternal,Old,,1958.47,4.45756,80.64,122.4,236.56,0.48,439.84
2,11,6,4/03/2020,Wed,PA,Pin.Pur,female,a9957,Paternal,Old,,2059.02,4.68726,83.92,92.96,263.04,0.88,439.92
2,11,8,4/03/2020,Wed,PA,Whi.Bro,female,a9929,Paternal,Old,,2036.73,4.63482,14.72,33.6,382.4,18.72,439.76
2,12,5,4/03/2020,Wed,PA,Ora.Pin,female,a9961,Paternal,Old,sick ?,2117.36,4.81745,72,98.24,269.36,0.16,439.84
2,12,6,4/03/2020,Wed,PA,Blu.Bla,male,a9984,Paternal,Old,,2189.83,4.97689,67.12,60.8,312.16,0.64,440.08
2,12,7,4/03/2020,Wed,PA,Gre.Gre,female,a9874,Paternal,Old,,3729.63,8.48415,0,5.6,426.72,3.92,439.92
2,12,8,4/03/2020,Wed,PA,Gre.Pin,male,a9880,Paternal,Old,,2104.8,4.78452,40.48,73.12,326.08,1.68,440
2,13,5,4/03/2020,Wed,WTB,Whi.Ora,female,a10160,Within Treatment,Old,,2429.41,5.52842,64.88,64.64,310.16,0.64,439.76
2,13,6,4/03/2020,Wed,WTB,Whi.Pin,female,a10154,Within Treatment,Old,,1447.67,3.29015,30.88,81.68,327.52,22.32,440.08
2,13,7,4/03/2020,Wed,WTB,Whi.Bro,female,a10159,Within Treatment,Old,,2567.38,5.83496,66,105.04,269.04,0.16,440.08
2,13,8,4/03/2020,Wed,WTB,Pur.Red,female,a10076,Within Treatment,Old,,2658.79,6.046,101.28,68,258.48,2.24,440.08
2,14,5,4/03/2020,Wed,WTB,Ora.Pin,female,a10063,Within Treatment,Old,,2381.05,5.41147,21.6,49.92,368.56,0.24,440.08
2,14,6,4/03/2020,Wed,WTB,Ora.Ora,female,a10060,Within Treatment,Old,,2203.75,5.0213,84.24,77.12,278.64,0.88,440
2,14,7,4/03/2020,Wed,WTB,Pur.Gre,male,a10074,Within Treatment,Old,,2571.23,5.8437,94.72,115.84,229.52,0.24,440.08
2,14,8,4/03/2020,Wed,WTB,Pin.Bro,male,a10088,Within Treatment,Old,,1804.7,4.10158,21.44,64.88,352.32,107.6,440.08
2,15,5,4/03/2020,Wed,WTB,Pur.Pur,female,a10081,Within Treatment,Old,,332.528,0.918993,0,0,362.24,301.36,362.24
2,15,6,4/03/2020,Wed,WTB,Red.Bro,male,a10169,Within Treatment,Old,,2109.03,5.448,18.24,53.04,316,0.64,387.28
2,15,7,4/03/2020,Wed,WTB,_.Blu,female,a10040,Within Treatment,Old,,2817.78,6.40404,22.4,36.48,381.2,19.6,440.08
2,15,8,4/03/2020,Wed,WTB,Gre.Pur,male,a10043,Within Treatment,Old,,2618.76,5.95174,44.72,70.24,324.96,0.16,440.08
2,16,5,4/03/2020,Wed,MA,_.Yel,male,a9764,Maternal,Old,,2443.84,5.56026,5.44,17.84,416.64,9.36,439.92
2,16,6,4/03/2020,Wed,MA,_.Gre,male,a9803,Maternal,Old,,2235.24,5.09213,3.68,4.56,431.36,57.84,439.6
2,16,7,4/03/2020,Wed,MA,Red._,female,a9848,Maternal,Old,,1771.78,4.02678,4.88,8.88,416.64,155.12,440.08
2,16,8,4/03/2020,Wed,MA,Blu.Yel,female,a9845,Maternal,Old,,2527.17,5.76873,44.4,59.44,329.44,29.44,438.64
2,17,5,4/03/2020,Wed,MA,Bro.Pin,male,a9793,Maternal,Old,,1707.96,4.12313,28,45.52,340.8,15.52,414.32
2,17,6,4/03/2020,Wed,MA,Whi.Ora,female,a9839,Maternal,Old,,1570.97,3.66365,0,0,429.12,173.6,429.12
2,17,7,4/03/2020,Wed,MA,Gre.Gre,female,a9804,Maternal,Old,,4135.87,9.40141,0,0,440.08,22.16,440.08
2,17,8,4/03/2020,Wed,MA,Red.Red,male,a9754,Maternal,Old,,3579.91,8.13763,18.72,34.64,386.32,0.16,440
2,18,5,4/03/2020,Wed,WCB,Pur.Blu,male,a9687,Within Control,Old,,2346.35,5.54956,41.52,43.6,337.76,0.96,422.88
2,18,6,4/03/2020,Wed,WCB,Blu.Whi,female,a9580,Within Control,Old,,383.662,1.36515,0,0,281.68,210.96,282.48
2,18,7,4/03/2020,Wed,WCB,_.Pur,female,a9605,Within Control,Old,,2311.97,5.25448,11.36,30.88,397.84,0.56,440.08
2,18,8,4/03/2020,Wed,WCB,Ora.Bla,female,a9608,Within Control,Old,,2419.92,5.49983,27.68,55.12,357.28,2.16,440.08
2,19,5,4/03/2020,Wed,WCB,Pin.Whi,male,a9590,Within Control,Old,,162.696,0.446476,0,0,365.04,337.6,365.04
2,19,6,4/03/2020,Wed,WCB,Ora.Gre,male,a9612,Within Control,Old,,958.398,3.30482,0,0,291.04,14.96,291.04
2,19,7,4/03/2020,Wed,WCB,Red.Bro,male,a9677,Within Control,Old,,323.21,1.29824,0,0,249.92,205.84,249.92
2,19,8,4/03/2020,Wed,WCB,Blu.Pur,male,a9581,Within Control,Old,,1935.97,4.39993,25.68,134.88,279.52,1.28,440.08
2,20,5,4/03/2020,Wed,WCB,Pin.Yel,male,a9587,Within Control,Old,,1364.8,3.84321,0,1.52,354.24,18.32,355.76
2,20,6,4/03/2020,Wed,WCB,Blu.Ora,female,a9583,Within Control,Old,,138.513,0.845002,0,0,164.4,145.12,164.4
2,20,7,4/03/2020,Wed,WCB,Blu.Red,male,a9582,Within Control,Old,,2808.65,6.3833,15.36,47.36,377.36,14.48,440.08
2,20,8,4/03/2020,Wed,WCB,Ora.Bro,male,a9610,Within Control,Old,,2013.38,4.57586,38.64,84.72,316.72,21.12,440.08
2,7,5,4/03/2020,Wed,MB,_.Red,male,a9849,Maternal,Old,,2385.97,5.42661,41.68,86.16,311.92,0.8,439.76
2,7,6,4/03/2020,Wed,MB,Pin.Whi,female,a9862,Maternal,Old,,1155.47,2.62607,51.76,63.6,324.56,186.8,440.08
2,7,8,4/03/2020,Wed,MB,Pin.Yel,female,a9854,Maternal,Old,,2794.36,6.36007,95.12,164.96,179.6,0,439.68
1,1,1,9/03/2020,Monday,WTB,Gre._,male,a10037,Within Treatment,Old,arena settings 1,2652.59,6.02861,19.6,57.28,363.2,0.08,440.08
1,1,2,9/03/2020,Monday,WTB,Pur.Red,female,a10076,Within Treatment,Old,,3083.93,7.00894,22.16,51.04,366.88,1.12,440.08
1,1,3,9/03/2020,Monday,WTB,Pur.Pur,female,a10081,Within Treatment,Old,,3002.4,6.82364,29.92,29.6,380.56,0.48,440.08
1,1,4,9/03/2020,Monday,WTB,Gre.Bro,male,a10044,Within Treatment,Old,,2733.27,6.21198,63.44,84.8,291.84,0.64,440.08
1,2,1,9/03/2020,Monday,WTB,_.Yel,male,a10096,Within Treatment,Old,arena settings 2,2145.96,4.87717,26.24,55.28,358.56,0.64,440.08
1,2,2,9/03/2020,Monday,WTB,Ora.Ora,female,a10060,Within Treatment,Old,,2225.96,5.06268,63.92,62.64,313.44,1.92,440
1,2,3,9/03/2020,Monday,WTB,Red.Bro,male,a10169,Within Treatment,Old,,2955.52,6.73054,0,4.96,434.96,10.24,439.92
1,2,4,9/03/2020,Monday,WTB,Whi.Pin,female,a10154,Within Treatment,Old,,2109.58,4.79449,30.64,71.76,337.68,0.08,440.08
1,3,1,9/03/2020,Monday,WTB,_.Blu,female,a10040,Within Treatment,Old,wrong label,2736.47,6.21924,18.16,54,367.92,0.24,440.08
1,3,2,9/03/2020,Monday,WTB,Blu.Ora,female,a10059,Within Treatment,Old,,2166.89,4.92474,8.24,20.72,411.12,0.4,440.08
1,3,3,9/03/2020,Monday,WTB,Whi.Bla,male,a10152,Within Treatment,Old,wrong label,2565.32,5.83028,0,17.2,422.88,1.12,440.08
1,3,4,9/03/2020,Monday,WTB,Whi.Ora,female,a10160,Within Treatment,Old,,3341.93,7.59806,0,0,440.08,134.16,440.08
1,4,1,9/03/2020,Monday,PA,Gre.Gre,female,a9874,Paternal,Old,,2617.4,5.94863,15.04,23.68,401.36,7.12,440.08
1,4,2,9/03/2020,Monday,PA,Bla.Ora,female,a9887,Paternal,Old,,2333.23,5.30278,0,18.64,421.44,50.16,440.08
1,4,3,9/03/2020,Monday,PA,Whi.Whi,male,a9926,Paternal,Old,,2356.83,6.39054,33.92,52.24,283.52,10.08,369.68
1,4,4,9/03/2020,Monday,PA,Blu.Bla,male,a9984,Paternal,Old,,2438.96,5.54309,67.2,94.96,277.92,0.32,440.08
1,5,1,9/03/2020,Monday,PA,_.Bro,female,a9917,Paternal,Old,,1667.53,3.78984,33.2,80.32,326.56,102.64,440.08
1,5,2,9/03/2020,Monday,PA,Gre.Pin,male,a9880,Paternal,Old,,2162.8,4.91546,63.92,99.6,276.56,0.48,440.08
1,5,3,9/03/2020,Monday,PA,Whi.Red,male,a9931,Paternal,Old,,404.284,1.13819,0,0,355.84,297.04,355.84
1,5,4,9/03/2020,Monday,PA,Ora.Ora,female,a9962,Paternal,Old,,3564.07,8.10017,0,32.96,407.12,0.16,440.08
1,6,1,9/03/2020,Monday,MA,Red._,female,a9848,Maternal,Old,,2175.66,4.94467,13.44,48.72,377.92,69.52,440.08
1,6,2,9/03/2020,Monday,MA,Bro.Gre,female,a9796,Maternal,Old,,2081.16,4.72991,28.8,50.56,360.72,0.56,440.08
1,6,3,9/03/2020,Monday,MA,_.Gre,male,a9803,Maternal,Old,,1169.32,3.18027,0,0,368.64,105.28,368.64
1,6,4,9/03/2020,Monday,MA,Bro.Yel,female,a9794,Maternal,Old,,2960.88,6.72928,0,0,440.08,1.12,440.08
1,7,1,9/03/2020,Monday,MA,Bro.Pin,male,a9793,Maternal,Old,,2049.37,4.65767,44.56,67.12,328.4,0.8,440.08
1,7,2,9/03/2020,Monday,MA,Red.Blu,female,a9759,Maternal,Old,,175.265,0.39833,0,0,440.08,410.8,440.08
1,7,3,9/03/2020,Monday,MA,Whi.Ora,female,a9839,Maternal,Old,,1168.96,4.81452,0,0,244.4,92.08,244.4
1,7,4,9/03/2020,Monday,MA,Red.Red,male,a9754,Maternal,Old,,3983.49,9.0534,22.32,47.12,370.64,0.4,440.08
1,8,1,9/03/2020,Monday,MA,_.Bla,male,a9800,Maternal,Old,,2251.2,5.12008,35.6,61.2,343.2,72.48,440
1,8,2,9/03/2020,Monday,MA,Blu.Yel,female,a9845,Maternal,Old,,2162.25,4.9142,116.72,71.68,251.68,1.2,440.08
1,8,3,9/03/2020,Monday,MA,Pin.Ora,male,a9858,Maternal,Old,,2140.66,4.86514,36.16,44.96,358.96,4,440.08
1,8,4,9/03/2020,Monday,MA,Gre.Whi,female,a9809,Maternal,Old,,2380.72,5.41269,48,122.08,270,0.32,440.08
1,9,1,9/03/2020,Monday,WCB,Yel.Yel,female,a9613,Within Control,Old,,2463.69,5.5993,0,0,440.08,1.2,440.08
1,9,2,9/03/2020,Monday,WCB,Red.Bro,male,a9677,Within Control,Old,,469.085,1.0661,0,0,440.08,364.96,440.08
1,9,3,9/03/2020,Monday,WCB,Bro.Gre,female,a9704,Within Control,Old,,2443.59,5.55361,0.88,8.16,431.04,34,440.08
1,9,4,9/03/2020,Monday,WCB,Ora.Bro,male,a9610,Within Control,Old,,3027.96,6.88173,0,17.12,422.96,0.64,440.08
1,10,1,9/03/2020,Monday,WCB,Blu.Bro,female,a9579,Within Control,Old,,2067.38,4.69859,16.96,66.56,356.56,25.76,440.08
1,10,2,9/03/2020,Monday,WCB,Bro.Bla,female,a9700,Within Control,Old,,878.002,2.08057,0,0,422.32,225.76,422.32
1,10,3,9/03/2020,Monday,WCB,Whi.Ora,female,a9596,Within Control,Old,,4254.39,9.66906,0,1.28,438.8,0.72,440.08
1,10,4,9/03/2020,Monday,WCB,Blu.Whi,female,a9580,Within Control,Old,,3408.8,7.76421,0,0,440,1.2,440
1,11,1,9/03/2020,Monday,PB,Whi.Ora,female,a9927,Paternal,Old,,2829.16,6.42991,31.36,81.36,327.2,0.64,440.08
1,11,2,9/03/2020,Monday,PB,Blu.Pur,male,a9975,Paternal,Old,,840.788,2.37887,0,5.2,348.64,215.6,353.84
1,11,3,9/03/2020,Monday,PB,Yel.Gre,male,a9901,Paternal,Old,,2473.43,5.62144,13.68,56.16,370.24,20.72,440.08
1,11,4,9/03/2020,Monday,PB,Bro.Bro,female,a9910,Paternal,Old,,2247.11,5.77247,0,10.16,380.16,63.2,390.32
1,12,1,9/03/2020,Monday,PB,Red._,male,a9941,Paternal,Old,,2070.52,4.70572,37.2,44,358.88,68.8,440.08
1,12,2,9/03/2020,Monday,PB,Pin.Gre,female,a9952,Paternal,Old,,2209.12,5.02072,39.52,32.32,368.24,0.8,440.08
1,12,3,9/03/2020,Monday,PB,_.Red,female,a9903,Paternal,Old,,331.916,1.00508,0,0,331.28,287.52,331.28
1,12,4,9/03/2020,Monday,PB,Bro.Blu,male,a9937,Paternal,Old,,2929.14,6.68264,0,0,438.64,12.64,438.64
1,13,1,9/03/2020,Monday,PB,_.Ora,female,a9964,Paternal,Old,,2327.78,5.29041,41.2,50.32,348.56,1.68,440.08
1,13,2,9/03/2020,Monday,PB,Red.Yel,male,a9947,Paternal,Old,,1490.5,3.38749,0,0,440.08,93.04,440.08
1,13,3,9/03/2020,Monday,PB,Pin.Ora,female,a9953,Paternal,Old,,2136.23,4.85507,0,2.16,437.92,37.12,440.08
1,13,4,9/03/2020,Monday,PB,Bro._,male,a9908,Paternal,Old,,1914.7,4.35238,1.52,20,418.48,34.16,440
1,14,1,9/03/2020,Monday,WTA,Whi.Yel,male,a10157,Within Treatment,Old,,3059.15,6.95261,41.52,41.6,356.96,0.32,440.08
1,14,2,9/03/2020,Monday,WTA,Pin.Blu,male,a10090,Within Treatment,Old,,2070.21,4.70502,87.2,102.32,250.56,0.56,440.08
1,14,3,9/03/2020,Monday,WTA,Red.Bla,female,a10164,Within Treatment,Old,,2979.73,7.29181,49.28,41.68,318.32,13.04,409.28
1,14,4,9/03/2020,Monday,WTA,Ora.Bro,male,a10070,Within Treatment,Old,,2635.97,5.99302,84.08,153.6,202.4,0.16,440.08
1,15,1,9/03/2020,Monday,WTA,Pin.Gre,female,a10087,Within Treatment,Old,,2008.44,4.56463,79.28,84.96,275.84,0.48,440.08
1,15,2,9/03/2020,Monday,WTA,Red.Whi,female,a10172,Within Treatment,Old,,2693.9,6.12251,4.24,31.68,404.16,56.72,440.08
1,15,3,9/03/2020,Monday,WTA,Whi.Pur,female,a10158,Within Treatment,Old,,3407.95,7.74675,0,7.76,432.32,2.8,440.08
1,15,4,9/03/2020,Monday,WTA,Gre.Pin,female,a10036,Within Treatment,Old,,2627.97,5.97267,131.68,129.6,178.8,0.4,440.08
1,16,1,9/03/2020,Monday,MB,Yel.Yel,male,a9765,Maternal,Old,,1851.58,4.20813,2.56,32.88,404.64,0.24,440.08
1,16,2,9/03/2020,Monday,MB,Red._,male,a9752,Maternal,Old,,1930.16,4.38674,4.56,30.4,405.12,125.68,440.08
1,16,3,9/03/2020,Monday,MB,Red.Bla,male,a9756,Maternal,Old,,2605.56,5.92604,19.12,38.48,382.48,0.32,440.08
1,16,4,9/03/2020,Monday,MB,Red.Pin,male,a9755,Maternal,Old,,3131.16,7.11627,57.76,64.08,318.24,0.08,440.08
1,17,1,9/03/2020,Monday,MB,Pin.Yel,female,a9854,Maternal,Old,,2272.48,5.16472,49.12,75.44,315.52,0.64,440.08
1,17,2,9/03/2020,Monday,MB,Yel.Ora,female,a9778,Maternal,Old,,2699.67,6.13561,15.04,34.64,390.4,1.92,440.08
1,17,3,9/03/2020,Monday,MB,Ora.Yel,male,a9813,Maternal,Old,,2310.79,5.61307,0,2.8,409.52,20.4,412.32
1,17,4,9/03/2020,Monday,MB,Blu.Gre,male,a9846,Maternal,Old,,472.305,4.29056,0,0,111.2,56.96,111.2
1,18,1,9/03/2020,Monday,MB,Bla.Gre,female,a9787,Maternal,Old,,1904.58,4.32859,83.28,120.88,235.92,0.56,440.08
1,18,2,9/03/2020,Monday,MB,Yel.Bla,female,a9777,Maternal,Old,,267.079,0.606997,0,0,440.08,390.24,440.08
1,18,3,9/03/2020,Monday,MB,_.Red,male,a9849,Maternal,Old,,2448.1,5.56792,5.6,28.4,405.92,10.72,439.92
1,18,4,9/03/2020,Monday,MB,Blu.Blu,male,a9843,Maternal,Old,,1857.16,4.4859,17.84,41.52,355.04,41.52,414.4
1,19,1,9/03/2020,Monday,WCA,Red.Gre,male,a9680,Within Control,Old,,2863.63,6.50826,11.04,29.68,399.36,47.28,440.08
1,19,2,9/03/2020,Monday,WCA,Pur.Red,female,a9566,Within Control,Old,,238.076,0.541082,0,0,440.08,402.48,440.08
1,19,3,9/03/2020,Monday,WCA,Gre.Blu,female,a9553,Within Control,Old,,2508.22,5.70257,0,9.2,430.88,3.92,440.08
1,19,4,9/03/2020,Monday,WCA,Gre.Bro,male,a9558,Within Control,Old,,3125.6,7.1114,10.4,26.24,403.28,20,439.92
1,20,1,9/03/2020,Monday,WCA,Red.Pin,female,a9673,Within Control,Old,,3181.85,7.23148,12.64,55.12,372.32,0.48,440.08
1,20,2,9/03/2020,Monday,WCA,Whi.Yel,female,a9599,Within Control,Old,,1922.17,4.36858,0,0,440.08,160.32,440.08
1,20,3,9/03/2020,Monday,WCA,Ora.Red,male,a9606,Within Control,Old,,2869.96,6.52501,0,3.04,437.04,1.04,440.08
1,20,4,9/03/2020,Monday,WCA,Red.Whi,female,a9679,Within Control,Old,,581.23,1.67482,0,0,347.44,300.72,347.44
2,1,5,9/03/2020,Monday,WTB,Pin.Bro,male,a10088,Within Treatment,Old,,1723.21,3.92424,24.08,21.04,394.32,0.64,439.44
2,1,6,9/03/2020,Monday,WTB,Whi.Bro,female,a10159,Within Treatment,Old,,2297.58,5.22177,36.16,55.52,348.4,0.08,440.08
2,1,7,9/03/2020,Monday,WTB,Ora.Pin,female,a10063,Within Treatment,Old,,2484.17,5.64789,24,167.92,248.16,0.24,440.08
2,1,8,9/03/2020,Monday,WTB,Red._,male,a10155,Within Treatment,Old,,2234.47,5.07834,46.24,68.88,324.88,0.64,440.08
2,2,5,9/03/2020,Monday,WTB,Gre.Pur,male,a10043,Within Treatment,Old,Acquire after 45 seconds,2277.8,5.17682,52.64,59.04,328.4,0.32,440.08
2,2,6,9/03/2020,Monday,WTB,Yel.Yel,female,a10097,Within Treatment,Old,,2199.65,4.9992,76.72,58.8,304.56,0.56,440.08
2,2,7,9/03/2020,Monday,WTB,Pur.Gre,male,a10074,Within Treatment,Old,,1273.37,4.33238,0,0,295.2,46.24,295.2
2,2,8,9/03/2020,Monday,WTB,Pin.Red,male,a10089,Within Treatment,Old,,2450.71,5.56979,15.28,17.92,406.88,84.4,440.08
2,3,5,9/03/2020,Monday,PA,Bla.Red,female,a9921,Paternal,Old,,888.467,2.61068,0,3.36,337.04,214.88,340.4
2,3,6,9/03/2020,Monday,PA,Pin.Red,female,a9958,Paternal,Old,,2330.74,5.29714,67.84,68.24,304,1.12,440.08
2,3,7,9/03/2020,Monday,PA,Bla.Pin,male,a9919,Paternal,Old,,2812.93,6.39302,29.6,63.2,347.28,0.16,440.08
2,3,8,9/03/2020,Monday,PA,Bla.Gre,female,a9922,Paternal,Old,,2798.61,6.36048,49.2,37.12,353.76,0.48,440.08
2,4,5,9/03/2020,Monday,PA,Ora.Pin,female,a9961,Paternal,Old,,2464.31,5.60071,27.28,60.8,352,0.08,440.08
2,4,6,9/03/2020,Monday,PA,Pin.Pur,female,a9957,Paternal,Old,,2272.37,5.16447,34.08,78.4,327.6,0.32,440.08
2,4,7,9/03/2020,Monday,PA,Whi.Bro,female,a9929,Paternal,Old,,1908.02,4.33878,47.04,71.76,321.28,3.6,440.08
2,4,8,9/03/2020,Monday,PA,Gre.Ora,female,a9876,Paternal,Old,,3243.5,7.37159,25.68,41.68,372.72,0.4,440.08
2,5,5,9/03/2020,Monday,PA,Pin.Blu,male,a9960,Paternal,Old,,2567.63,5.83553,3.76,53.36,382.96,0.32,440.08
2,5,6,9/03/2020,Monday,PA,Gre.Blu,male,a9881,Paternal,Old,,2030.21,4.61411,2.96,26.32,410.8,42.56,440.08
2,5,7,9/03/2020,Monday,PA,_.Gre,male,a9873,Paternal,Old,,3416.07,7.76379,8.72,27.84,403.52,6.24,440.08
2,5,8,9/03/2020,Monday,PA,Pin.Yel,male,a9956,Paternal,Old,,3906.38,8.89432,0,2.96,437.12,0.24,440.08
2,6,5,9/03/2020,Monday,MA,Red.Gre,female,a9758,Maternal,Old,,1764.89,4.01112,73.36,69.6,297.12,1.84,440.08
2,6,6,9/03/2020,Monday,MA,Red.Yel,female,a9761,Maternal,Old,,2375.73,5.39939,15.52,69.92,354.64,0.32,440.08
2,6,7,9/03/2020,Monday,MA,Gre.Blu,male,a9808,Maternal,Old,,194.477,0.818507,0,0,239.28,161.44,239.28
2,6,8,9/03/2020,Monday,MA,Red.Bro,male,a9760,Maternal,Old,,1293.41,3.30018,0,0,392.56,192,392.56
2,7,5,9/03/2020,Monday,MA,_.Yel,male,a9764,Maternal,Old,,2486.76,5.65174,1.92,33.04,405.12,5.6,440.08
2,7,6,9/03/2020,Monday,MA,Gre.Gre,female,a9804,Maternal,Old,,2041.21,4.63912,0,0,440.08,1.44,440.08
2,7,7,9/03/2020,Monday,MA,Red.Pur,female,a9762,Maternal,Old,,2482.89,5.67491,0,0,439.68,20.88,439.68
2,7,8,9/03/2020,Monday,MA,Yel._,male,a9763,Maternal,Old,,357.727,1.19914,0,0,299.28,236.4,299.28
2,8,5,9/03/2020,Monday,WCB,_.Pur,female,a9605,Within Control,Old,,2773.39,6.30775,17.12,41.44,381.52,0.16,440.08
2,8,6,9/03/2020,Monday,WCB,Pin.Whi,male,a9590,Within Control,Old,,683.985,1.55451,0,0,440.08,196.88,440.08
2,8,7,9/03/2020,Monday,WCB,Pin.Yel,male,a9587,Within Control,Old,,858.232,2.58379,0,0,333.36,99.28,333.36
2,8,8,9/03/2020,Monday,WCB,Blu.Ora,female,a9583,Within Control,Old,,121.233,0.418506,0,0,290,269.92,290
2,9,5,9/03/2020,Monday,WCB,Blu.Pur,male,a9581,Within Control,Old,,1734.75,3.94261,40.56,117.84,281.68,0.8,440.08
2,9,6,9/03/2020,Monday,WCB,Blu.Gre,female,a9578,Within Control,Old,,2077.91,4.72252,37.76,48.16,354.16,0.96,440.08
2,9,7,9/03/2020,Monday,WCB,Blu.Red,male,a9582,Within Control,Old,,1938.49,4.80968,0,0.8,402.96,74.72,403.76
2,9,8,9/03/2020,Monday,WCB,Pur.Pin,male,a9686,Within Control,Old,,2729.52,6.20346,20,39.76,380.32,11.92,440.08
2,10,5,9/03/2020,Monday,WCB,Ora.Bla,female,a9608,Within Control,Old,,2084.47,4.73744,79.76,59.12,301.2,0.8,440.08
2,10,6,9/03/2020,Monday,WCB,Ora.Gre,male,a9612,Within Control,Old,,2669.88,6.06791,21.84,38.24,380,0.16,440.08
2,10,7,9/03/2020,Monday,WCB,Pur.Blu,male,a9687,Within Control,Old,,2732.51,6.21024,32.64,62.08,345.36,5.12,440.08
2,10,8,9/03/2020,Monday,WCB,Blu.Blu,male,a9575,Within Control,Old,,3104.46,7.05558,0,7.28,432.8,56.4,440.08
2,11,5,9/03/2020,Monday,PB,Yel.Pur,female,a9899,Paternal,Old,,211.847,0.481909,0,0,440,410,440
2,11,6,9/03/2020,Monday,PB,Bla.Whi,female,a9923,Paternal,Old,,2025.57,4.60357,62.72,85.04,292.32,0.48,440.08
2,11,7,9/03/2020,Monday,PB,Whi._,female,a9924,Paternal,Old,,2242.7,5.09704,82.24,87.44,270.4,0.4,440.08
2,11,8,9/03/2020,Monday,PB,Red.Bla,male,a9949,Paternal,Old,,2242.56,5.09674,45.28,62.56,332.24,24.4,440.08
2,12,5,9/03/2020,Monday,PB,_.Pur,male,a9981,Paternal,Old,,1861.81,4.23523,16.08,43.68,380.24,35.52,440
2,12,6,9/03/2020,Monday,PB,Blu.Blu,male,a9973,Paternal,Old,,1364.61,3.10138,59.36,56.88,323.84,36,440.08
2,12,7,9/03/2020,Monday,PB,Blu.Gre,male,a9983,Paternal,Old,,2679.43,6.0996,0,1.84,438.08,1.44,439.92
2,12,8,9/03/2020,Monday,PB,Pur.Pur,female,a9982,Paternal,Old,,2175.05,4.9433,5.04,28.16,406.88,36.64,440.08
2,13,5,9/03/2020,Monday,WTA,Red.Pur,male,a10166,Within Treatment,Old,,2171.41,4.93501,11.2,30.4,398.48,1.68,440.08
2,13,6,9/03/2020,Monday,WTA,Gre.Blu,female,a10041,Within Treatment,Old,,2706.64,6.15145,7.84,52.4,379.84,0.16,440.08
2,13,7,9/03/2020,Monday,WTA,Yel._,male,a10095,Within Treatment,Old,,2947.4,6.70108,26.24,64.96,348.88,0.32,440.08
2,13,8,9/03/2020,Monday,WTA,Pin.Bla,male,a10092,Within Treatment,Old,,1840.16,4.18446,9.04,17.68,413.36,109.92,440.08
2,14,5,9/03/2020,Monday,WTA,Blu._,female,a10039,Within Treatment,Old,,1774.77,4.03356,119.92,176.96,143.2,0.56,440.08
2,14,6,9/03/2020,Monday,WTA,Ora.Red,male,a10064,Within Treatment,Old,,2305.4,5.23955,29.2,42.24,368.64,0.56,440.08
2,14,7,9/03/2020,Monday,WTA,Blu.Blu,female,a10046,Within Treatment,Old,,2397.96,5.44992,36.96,52.08,351.04,0.96,440.08
2,14,8,9/03/2020,Monday,WTA,Bro.Bro,male,a10201,Within Treatment,Old,,2785.08,6.32973,45.84,71.04,323.2,0.4,440.08
2,15,5,9/03/2020,Monday,WTA,Blu.Yel,male,a10055,Within Treatment,Old,,1707.93,3.88166,52.64,99.52,287.92,0.16,440.08
2,15,6,9/03/2020,Monday,WTA,Gre.Gre,female,a10034,Within Treatment,Old,,2480.85,5.6383,146.88,92.72,200.48,0.64,440.08
2,15,7,9/03/2020,Monday,WTA,Pur._,male,a10077,Within Treatment,Old,,2372.95,5.39306,62.16,54.4,323.52,0.4,440.08
2,15,8,9/03/2020,Monday,WTA,Pur.Blu,female,a10079,Within Treatment,Old,,2378.39,5.40542,69.44,72.32,298.32,3.28,440.08
2,16,5,9/03/2020,Monday,MB,Pur.Pin,male,a9824,Maternal,Old,,2164.28,4.9215,52.72,88.96,298.4,0.08,440.08
2,16,6,9/03/2020,Monday,MB,_.Blu,male,a9844,Maternal,Old,,1419.88,3.227,99.12,133.2,207.76,1.12,440.08
2,16,7,9/03/2020,Monday,MB,Pin.Whi,female,a9862,Maternal,Old,,2278.01,5.17729,69.52,103.6,266.96,0.8,440.08
2,16,8,9/03/2020,Monday,MB,_.Ora,female,a10198,Maternal,Old,,2198.61,4.99683,42.48,85.52,312.08,0.4,440.08
2,17,5,9/03/2020,Monday,MB,Ora.Pur,male,a9821,Maternal,Old,,2401.75,5.46051,6.56,46.96,386.56,0.56,440.08
2,17,6,9/03/2020,Monday,MB,_._,female,a9774,Maternal,Old,,2376.75,5.4017,0,0,440.08,150.16,440.08
2,17,7,9/03/2020,Monday,MB,Gre.Ora,female,a9868,Maternal,Old,,2907.26,6.60741,62.8,77.12,300.16,0.24,440.08
2,17,8,9/03/2020,Monday,MB,Gre.Pur,female,a9867,Maternal,Old,,568.715,1.34665,0,0,422.72,301.44,422.72
2,18,5,9/03/2020,Monday,WCA,Pur._,male,a9562,Within Control,Old,,1265.31,4.50738,0,0,283.2,138.4,283.2
2,18,6,9/03/2020,Monday,WCA,Red.Bla,male,a9676,Within Control,Old,,168.943,0.38396,0,0,440.08,407.76,440.08
2,18,7,9/03/2020,Monday,WCA,Red.Yel,female,a9678,Within Control,Old,wrong label,2780.05,6.31829,34.08,46.4,359.6,1.68,440.08
2,18,8,9/03/2020,Monday,WCA,Ora.Blu,female,a9607,Within Control,Old,,1556.9,3.53842,0,0,440.08,212.88,440.08
2,19,5,9/03/2020,Monday,WCA,Gre.Pur,female,a9556,Within Control,Old,,2298.83,5.22461,10.48,42.8,386.8,7.84,440.08
2,19,6,9/03/2020,Monday,WCA,Ora.Ora,male,a9706,Within Control,Old,,756.359,1.719,0,0.8,439.28,297.44,440.08
2,19,7,9/03/2020,Monday,WCA,Red.Ora,male,a9681,Within Control,Old,,876.945,1.99414,0,0,440.08,206.48,440.08
2,19,8,9/03/2020,Monday,WCA,Ora.Gre,female,a9603,Within Control,Old,wrong label,1039.16,2.36174,0,0,440.08,267.76,440.08
2,20,5,9/03/2020,Monday,WCA,Blu.Yel,female,a9577,Within Control,Old,,1699.84,3.86467,62.08,106.72,271.28,1.12,440.08
2,20,6,9/03/2020,Monday,WCA,Pin.Gre,male,a9588,Within Control,Old,,2149.64,4.88554,0,1.68,438.4,2.8,440.08
2,20,7,9/03/2020,Monday,WCA,Ora.Whi,male,a9611,Within Control,Old,,1520.62,4.54623,0,0,335.84,107.76,335.84
2,20,8,9/03/2020,Monday,WCA,Gre.Bla,male,a9554,Within Control,Old,,1901.67,4.32198,17.44,50.08,372.56,71.6,440.08
